,PROFILEMENTION_1,COMPANYMENTION_1,POLL_1,CONTENT_Document,CONTENT_Image,CONTENT_Poll,CONTENT_Text,CONTENT_Video (external),CONTENT_Video (native),LINKS_1,LINKS_2,TAGS_1-5,TAGS_6 and more,EMOJIS_1,CHARACTER_COUNT,AGE_IN_DAYS,ENGAGEMENT
0,0,0,0,0,1,0,0,0,0,0,0,1,0,0,7.681145747868608,6.48074069840786,27
1,0,0,0,0,1,0,0,0,0,0,0,1,0,1,6.244997998398398,9.0,45
2,0,0,0,0,1,0,0,0,0,0,0,1,0,0,8.0,9.327379053088816,59
3,0,0,0,0,1,0,0,0,0,0,0,1,0,1,7.280109889280518,9.539392014169456,108
4,0,0,0,0,1,0,0,0,0,0,0,1,0,1,6.782329983125268,10.488088481701515,46
5,1,0,0,0,1,0,0,0,0,0,0,1,0,1,13.784048752090222,10.816653826391969,73
6,0,0,0,0,1,0,0,0,0,0,0,1,0,0,7.211102550927978,11.313708498984761,38
7,0,0,0,0,1,0,0,0,0,0,0,1,0,1,8.774964387392123,11.832159566199232,103
8,0,0,0,0,1,0,0,0,0,0,0,1,0,1,6.4031242374328485,12.083045973594572,49
9,0,0,0,0,1,0,0,0,0,0,0,1,0,0,28.635642126552707,12.449899597988733,89
10,0,0,0,0,1,0,0,0,0,0,0,1,0,0,33.66006535941367,12.569805089976535,134
11,0,0,0,0,1,0,0,0,0,0,0,1,0,1,6.324555320336759,12.609520212918492,33
12,0,0,0,0,1,0,0,0,0,0,0,1,0,0,33.37663853655727,12.727922061357855,56
13,0,0,0,0,1,0,0,0,0,0,0,1,0,0,19.235384061671343,12.884098726725126,118
14,0,0,0,0,1,0,0,0,0,0,0,1,0,1,15.905973720586866,13.038404810405298,164
15,0,0,0,0,1,0,0,0,0,0,0,1,0,1,9.055385138137417,13.228756555322953,27
16,0,0,0,0,1,0,0,0,0,0,0,1,0,1,6.324555320336759,13.416407864998739,44
17,0,0,0,0,1,0,0,0,0,0,0,1,0,0,51.10772935672255,13.601470508735444,321
18,0,0,0,0,1,0,0,0,0,0,0,1,0,1,6.0,13.674794331177344,40
19,0,0,0,0,0,0,0,0,1,0,0,1,0,0,8.306623862918075,13.892443989449804,22
20,0,0,0,0,0,0,0,0,1,0,0,1,0,1,9.539392014169456,13.96424004376894,30
21,0,0,0,0,1,0,0,0,0,0,0,1,0,0,8.54400374531753,14.0,194
22,0,0,0,0,1,0,0,0,0,0,0,1,0,0,10.488088481701515,14.035668847618199,66
23,1,0,0,0,1,0,0,0,0,0,0,1,0,0,34.38022687534217,14.106735979665885,145
24,0,0,0,0,1,0,0,0,0,0,0,1,0,0,9.1104335791443,14.247806848775006,96
25,0,0,0,0,1,0,0,0,0,0,0,1,0,1,10.677078252031311,14.2828568570857,82
26,0,0,0,0,1,0,0,0,0,0,0,1,0,0,17.378147196982766,14.317821063276353,892
27,0,0,0,0,0,0,0,0,1,0,0,1,0,1,10.0,14.352700094407323,44
28,1,0,0,0,0,0,0,0,1,0,0,1,0,1,18.601075237738275,14.38749456993816,299
29,1,1,0,0,1,0,0,0,0,0,0,1,0,1,43.62338822237447,14.422205101855956,233
30,0,0,0,0,1,0,0,0,0,0,0,1,0,0,45.24378410345447,14.45683229480096,70
31,0,0,0,0,1,0,0,0,0,0,0,1,0,0,32.155870381627054,14.52583904633395,29
32,0,0,0,0,1,0,0,0,0,0,0,1,0,1,9.486832980505138,14.560219778561036,56
33,1,0,0,0,1,0,0,0,0,0,0,1,0,0,41.43669871020132,14.560219778561036,26
34,0,0,0,0,1,0,0,0,0,0,0,1,0,0,51.81698563212646,14.594519519326424,21
35,0,0,0,0,0,0,0,0,1,0,0,1,0,1,14.866068747318506,14.628738838327793,9
36,1,0,0,0,1,0,0,0,0,0,0,1,0,0,53.178943201233324,14.66287829861518,22
37,0,0,0,0,1,0,0,0,0,0,0,1,0,1,10.099504938362077,14.7648230602334,77
38,0,0,0,0,1,0,0,0,0,0,0,1,0,1,37.44329045369811,14.798648586948742,81
39,0,0,0,0,1,0,0,0,0,0,0,1,0,1,31.0322412983658,14.798648586948742,67
40,1,0,0,0,1,0,0,0,0,0,0,1,0,1,44.93328387732194,14.89966442575134,26
41,0,0,0,0,1,0,0,0,0,0,0,1,0,1,10.099504938362077,14.933184523068078,12
42,1,0,0,0,1,0,0,0,0,0,0,1,0,1,35.9722114972099,14.933184523068078,16
43,0,0,0,0,0,0,0,0,1,0,0,1,0,1,10.816653826391969,14.966629547095765,13
44,1,0,0,0,1,0,0,0,0,0,0,1,0,0,32.848135411313685,15.0,34
45,0,0,0,0,0,0,0,0,1,0,0,1,0,1,9.848857801796104,15.0,104
46,1,0,0,0,1,0,0,0,0,0,0,1,0,0,37.49666651850535,15.033296378372908,92
47,1,1,0,0,0,0,0,0,1,0,0,0,1,1,48.394214530251446,15.033296378372908,35
48,0,0,0,0,0,0,0,0,1,0,0,1,0,1,21.447610589527216,15.066519173319364,41
49,1,0,0,0,1,0,0,0,0,0,0,1,0,1,36.68787265568828,15.066519173319364,74
50,0,0,0,0,1,0,0,0,0,0,0,0,1,1,28.0178514522438,0.0,8
51,0,0,0,0,1,0,0,0,0,0,0,0,1,1,27.892651361962706,2.0,28
52,0,0,0,0,1,0,0,0,0,0,0,1,0,1,35.53871128783372,2.23606797749979,15
53,0,0,0,0,1,0,0,0,0,0,0,0,1,1,33.301651610693426,3.1622776601683795,10
54,0,0,0,0,1,0,0,0,0,0,0,0,1,1,34.322004603461025,3.7416573867739413,36
55,0,0,0,0,0,0,1,0,0,0,0,0,0,0,13.527749258468683,4.123105625617661,6
56,0,0,0,0,1,0,0,0,0,0,0,1,0,1,26.77685567799177,4.242640687119285,10
57,0,0,0,0,1,0,0,0,0,0,0,0,1,1,36.71511950137164,4.358898943540674,14
58,0,0,0,0,1,0,0,0,0,0,0,1,0,1,22.15851980616034,4.898979485566356,10
59,0,0,0,0,1,0,0,0,0,0,0,0,1,0,30.4138126514911,5.0,9
60,0,0,0,0,1,0,0,0,0,0,0,0,1,0,40.779897008207364,5.0990195135927845,9
61,0,0,0,0,1,0,0,0,0,0,0,0,1,1,29.58039891549808,5.196152422706632,8
62,0,0,0,0,1,0,0,0,0,0,0,0,1,1,21.0,5.291502622129181,21
63,0,0,0,0,1,0,0,0,0,0,0,0,0,1,37.067505985701274,5.5677643628300215,13
64,0,0,0,0,0,0,1,0,0,0,0,0,0,0,4.58257569495584,5.5677643628300215,3
65,0,0,0,0,1,0,0,0,0,0,0,0,0,1,28.19574435974337,5.744562646538029,22
66,0,0,0,0,1,0,0,0,0,0,0,0,1,1,26.248809496813376,5.830951894845301,13
67,0,0,0,0,1,0,0,0,0,0,0,0,0,0,26.343879744638983,5.916079783099616,16
68,0,0,0,0,1,0,0,0,0,0,0,0,0,0,18.65475810617763,6.164414002968976,9
69,0,0,0,0,1,0,0,0,0,0,0,0,0,1,19.078784028338912,6.244997998398398,19
70,0,0,0,0,1,0,0,0,0,0,0,0,1,1,29.93325909419153,6.324555320336759,11
71,0,1,0,0,0,0,1,0,0,1,0,0,0,1,23.57965224510319,6.324555320336759,0
72,1,1,0,0,1,0,0,0,0,1,0,0,1,1,30.315012782448235,6.4031242374328485,14
73,0,0,0,0,0,0,1,0,0,0,0,0,0,0,6.855654600401044,6.48074069840786,2
74,0,0,0,0,1,0,0,0,0,0,0,0,1,1,22.360679774997898,6.48074069840786,12
75,1,0,0,0,0,0,1,0,0,0,0,0,0,1,51.29327441292864,6.928203230275509,0
76,0,0,0,0,1,0,0,0,0,0,0,0,1,1,19.697715603592208,6.928203230275509,20
77,0,0,0,0,1,0,0,0,0,0,0,0,1,1,18.920887928424502,7.0,26
78,0,0,0,0,1,0,0,0,0,0,0,0,1,0,23.83275057562597,7.211102550927978,9
79,0,0,0,0,1,0,0,0,0,0,0,0,1,1,23.366642891095847,7.3484692283495345,23
80,0,1,0,0,0,0,0,0,0,0,0,0,1,0,47.10626285325551,7.3484692283495345,0
81,0,0,0,0,1,0,0,0,0,0,0,0,1,0,22.494443758403985,7.416198487095663,9
82,0,0,0,0,1,0,0,0,0,0,0,0,1,0,35.4400902933387,7.483314773547883,7
83,0,0,0,0,1,0,0,0,0,0,0,0,1,0,31.73326330524486,7.681145747868608,21
84,0,0,0,0,1,0,0,0,0,0,0,0,1,0,29.58039891549808,7.745966692414834,10
85,0,0,0,0,1,0,0,0,0,0,0,0,1,0,29.444863728670914,7.810249675906654,16
86,0,0,0,0,1,0,0,0,0,0,0,0,1,0,23.323807579381203,7.874007874011811,11
87,1,1,0,0,0,0,1,0,0,0,0,0,0,0,17.916472867168917,7.937253933193772,51
88,0,0,0,0,1,0,0,0,0,0,0,0,1,0,26.210684844162312,7.937253933193772,7
89,0,0,0,0,0,0,1,0,0,0,0,0,1,0,21.18962010041709,8.12403840463596,12
90,1,0,0,0,0,0,0,0,0,0,0,0,0,0,26.70205984563738,8.12403840463596,0
91,0,0,0,0,1,0,0,0,0,0,0,0,1,0,25.942243542145693,8.18535277187245,10
92,1,0,0,0,1,0,0,0,0,0,0,1,0,0,24.61706725018234,8.246211251235321,0
93,0,0,0,0,0,0,1,0,0,0,0,1,0,0,48.47679857416329,8.660254037844387,0
94,0,0,0,0,1,0,0,0,0,0,0,0,1,0,28.24889378365107,8.660254037844387,29
95,0,0,0,0,0,0,1,0,0,0,0,0,0,0,0.0,8.717797887081348,1
96,0,0,0,0,1,0,0,0,0,0,0,0,1,0,27.055498516937366,8.774964387392123,13
97,0,0,0,0,1,0,0,0,0,0,0,0,1,0,17.0,9.0,3
98,0,1,0,0,0,0,0,0,0,0,0,0,1,1,29.899832775452108,9.055385138137417,0
99,0,0,0,0,1,0,0,0,0,0,0,0,1,0,26.1725046566048,9.055385138137417,8
100,0,0,0,0,0,0,0,0,0,0,1,1,0,0,25.65151067676132,9.055385138137417,0
101,0,0,0,0,1,0,0,0,0,0,0,0,1,0,25.079872407968907,9.1104335791443,10
102,0,1,0,0,1,0,0,0,0,0,0,1,0,0,30.364452901377952,9.1104335791443,0
103,0,0,0,0,1,0,0,0,0,0,0,0,1,0,29.154759474226502,9.16515138991168,9
104,0,0,0,0,0,0,1,0,0,0,0,0,0,1,14.142135623730951,9.16515138991168,0
105,0,0,0,0,1,0,0,0,0,0,0,0,1,0,30.04995840263344,9.327379053088816,13
106,0,0,0,0,1,0,0,0,0,0,0,1,0,1,54.037024344425184,9.327379053088816,0
107,1,1,0,0,1,0,0,0,0,0,0,0,0,1,36.89173349139343,9.38083151964686,0
108,1,0,0,0,0,0,1,0,0,0,0,1,0,0,16.673332000533065,9.38083151964686,0
109,0,0,0,1,0,0,0,0,0,0,0,0,1,0,28.053520278211074,9.38083151964686,8
110,1,1,0,0,1,0,0,0,0,0,0,0,1,0,41.95235392680606,9.433981132056603,26
111,0,0,0,0,1,0,0,0,0,0,0,0,1,0,19.82422760159901,9.486832980505138,6
112,0,0,0,0,1,0,0,0,0,0,0,0,1,0,22.293496809607955,9.539392014169456,15
113,0,0,0,0,0,0,1,0,0,0,0,0,0,0,0.0,9.539392014169456,0
114,0,0,0,0,1,0,0,0,0,0,0,0,1,0,15.459624833740307,9.695359714832659,16
115,0,0,0,0,1,0,0,0,0,0,0,0,1,0,39.08964057138413,9.746794344808963,12
116,0,0,0,0,0,0,1,0,0,0,0,0,0,0,0.0,9.797958971132712,1
117,0,0,0,0,1,0,0,0,0,0,0,0,1,0,33.98529093593286,9.797958971132712,23
118,0,0,0,0,0,0,1,0,0,0,0,0,0,0,28.495613697550013,9.797958971132712,0
119,0,0,0,0,0,0,1,0,0,0,0,0,0,0,0.0,9.848857801796104,1
120,0,0,0,0,0,0,1,0,0,0,0,0,0,0,0.0,9.848857801796104,0
121,0,0,0,0,0,0,1,0,0,0,0,1,0,0,27.349588662354687,9.848857801796104,32
122,0,0,0,0,0,0,1,0,0,0,0,0,0,0,5.291502622129181,9.848857801796104,1
123,0,1,0,0,0,0,1,0,0,0,0,0,0,0,14.89966442575134,9.899494936611665,0
124,0,0,0,0,0,0,0,0,0,0,0,1,0,0,9.055385138137417,9.899494936611665,7
125,0,0,0,0,0,0,0,0,1,0,0,0,1,0,42.13074886588179,10.04987562112089,10
126,0,0,0,0,0,0,1,0,0,0,0,0,0,1,30.54504869860253,10.04987562112089,0
127,0,0,0,0,1,0,0,0,0,1,0,0,1,0,26.43860813280457,10.099504938362077,86
128,0,0,0,0,1,0,0,0,0,0,1,0,1,0,22.627416997969522,10.14889156509222,12
129,0,0,0,0,1,0,0,0,0,0,0,0,1,0,38.17066936798463,10.198039027185569,8
130,0,0,0,0,0,0,1,0,0,0,0,1,0,1,33.25657829663178,10.198039027185569,0
131,0,0,0,0,1,0,0,0,0,0,0,0,1,0,37.013511046643494,10.246950765959598,22
132,0,0,0,0,1,0,0,0,0,0,0,0,1,0,33.555923471125034,10.392304845413264,9
133,0,0,0,0,0,0,1,0,0,0,0,0,0,0,0.0,10.44030650891055,2
134,0,0,0,0,1,0,0,0,0,0,0,0,1,0,33.74907406137241,10.44030650891055,12
135,0,0,0,0,1,0,0,0,0,0,0,1,0,1,23.748684174075834,10.44030650891055,0
136,1,1,0,1,0,0,0,0,0,0,0,1,0,1,54.0,10.488088481701515,0
137,0,0,0,0,1,0,0,0,0,0,0,0,1,0,30.066592756745816,10.488088481701515,30
138,0,0,0,1,0,0,0,0,0,1,0,0,0,0,15.198684153570664,10.488088481701515,0
139,0,1,0,1,0,0,0,0,0,0,0,1,0,0,44.034077712607996,10.488088481701515,0
140,0,0,0,0,1,0,0,0,0,1,0,0,1,0,25.25866188063018,10.535653752852738,154
141,0,0,0,0,1,0,0,0,0,0,0,0,1,0,32.64965543462902,10.583005244258363,11
142,0,1,0,0,0,0,1,0,0,0,0,0,0,1,33.97057550292606,13.114877048604,0
143,0,0,0,0,1,0,0,0,0,0,0,0,1,0,33.555923471125034,13.601470508735444,9
144,1,0,0,0,0,0,1,0,0,0,0,1,0,1,41.96427051671457,13.638181696985855,0
145,0,0,0,0,1,0,0,0,0,0,0,0,1,0,25.514701644346147,13.674794331177344,21
146,0,0,0,0,0,0,1,0,0,0,0,0,1,0,22.271057451320086,13.711309200802088,3
147,0,0,0,0,0,0,0,0,1,0,0,0,1,0,29.103264421710495,13.856406460551018,11
148,0,0,0,0,1,0,0,0,0,0,0,1,0,0,18.466185312619388,13.96424004376894,13
149,0,0,0,0,0,0,1,0,0,0,0,0,0,0,0.0,13.96424004376894,3
150,0,0,0,0,0,0,1,0,0,1,0,0,0,0,19.595917942265423,0.0,120
151,0,0,0,0,0,0,1,0,0,0,0,0,0,0,11.445523142259598,0.0,2878
152,0,0,0,0,1,0,0,0,0,0,0,0,0,0,12.449899597988733,1.0,4021
153,0,0,0,0,0,0,1,0,0,1,0,0,0,0,28.982753492378876,1.4142135623730951,3142
154,0,0,0,0,0,0,1,0,0,0,0,0,0,0,19.519221295943137,1.7320508075688772,4122
155,0,0,0,0,0,0,1,0,0,1,0,0,0,0,32.43454948045371,1.7320508075688772,2463
156,0,0,0,0,0,0,1,0,0,0,0,0,0,1,47.75981574503821,2.0,2844
157,0,0,0,0,0,0,1,0,0,1,0,0,0,0,15.684387141358123,2.0,3286
158,0,0,0,0,1,0,0,0,0,0,0,0,0,0,9.273618495495704,2.0,2781
159,0,0,0,0,0,0,1,0,0,0,0,0,0,0,6.782329983125268,2.23606797749979,2695
160,0,0,0,1,0,0,0,0,0,0,0,0,0,0,5.916079783099616,2.23606797749979,4033
161,0,0,0,0,0,0,1,0,0,0,0,0,0,0,12.727922061357855,2.449489742783178,4564
162,0,0,0,0,0,0,1,0,0,1,0,0,0,0,28.089143810376278,2.449489742783178,3179
163,0,0,0,0,0,0,1,0,0,0,0,0,0,0,16.3707055437449,2.6457513110645907,6544
164,0,0,0,0,0,0,1,0,0,1,0,0,0,0,16.0312195418814,2.6457513110645907,4677
165,0,0,0,0,0,0,1,0,0,0,0,0,0,0,22.40535650240808,2.8284271247461903,4530
166,0,0,0,0,0,0,1,0,0,1,0,0,0,0,43.58898943540674,3.0,3846
167,0,0,0,0,0,0,1,0,0,1,0,0,0,0,24.677925358506133,3.1622776601683795,3841
168,0,0,0,0,0,0,1,0,0,1,0,0,0,0,11.40175425099138,3.3166247903554,2189
169,0,0,0,1,0,0,0,0,0,0,0,0,0,0,6.782329983125268,3.3166247903554,6367
170,0,0,0,0,0,0,1,0,0,1,0,0,0,0,18.138357147217054,3.4641016151377544,2338
171,0,0,0,0,0,0,1,0,0,1,0,0,0,1,37.72267222772003,3.4641016151377544,3384
172,0,0,0,0,0,0,1,0,0,0,0,0,0,0,10.954451150103322,3.605551275463989,3610
173,0,0,0,0,0,0,1,0,0,0,0,0,0,1,45.60701700396552,3.605551275463989,3236
174,0,0,0,0,0,0,1,0,0,1,0,0,0,0,22.847319317591726,3.7416573867739413,2814
175,0,0,0,0,0,0,1,0,0,1,0,0,0,0,53.21653878260028,3.7416573867739413,4271
176,0,0,0,0,0,0,1,0,0,1,0,0,0,0,23.68543856465402,3.872983346207417,3032
177,0,0,0,0,0,0,1,0,0,1,0,0,0,0,12.409673645990857,4.0,2833
178,0,0,0,0,0,0,1,0,0,1,0,0,0,0,24.372115213907882,4.123105625617661,3119
179,0,0,0,0,0,0,1,0,0,1,0,0,0,0,29.46183972531247,4.242640687119285,1469
180,0,0,0,0,1,0,0,0,0,1,0,0,0,0,27.568097504180443,4.242640687119285,4882
181,0,0,0,0,0,0,1,0,0,1,0,0,0,0,20.273134932713294,4.358898943540674,1444
182,0,0,0,0,0,0,1,0,0,0,0,0,0,0,18.027756377319946,4.358898943540674,9535
183,0,0,0,0,1,0,0,0,0,0,0,0,0,0,6.244997998398398,4.47213595499958,11225
184,0,0,0,0,0,0,1,0,0,1,0,0,0,0,34.044089061098404,4.47213595499958,3883
185,0,0,0,0,0,0,1,0,0,0,0,0,0,0,16.217274740226856,4.58257569495584,2538
186,0,0,0,0,0,0,1,0,0,0,0,0,0,0,22.847319317591726,4.58257569495584,5739
187,0,0,0,0,0,0,1,0,0,0,0,0,0,0,51.96152422706632,4.69041575982343,8905
188,0,0,0,0,1,0,0,0,0,0,0,0,0,0,17.349351572897472,4.795831523312719,3053
189,0,0,0,0,0,0,1,0,0,1,0,0,0,0,23.916521486202797,4.898979485566356,2415
190,0,0,0,0,0,0,1,0,0,1,0,0,0,0,29.916550603303182,5.0,1582
191,0,0,0,0,0,0,1,0,0,0,0,0,0,0,39.824615503479755,5.0,3155
192,0,0,0,0,0,0,1,0,0,0,0,0,0,0,12.84523257866513,5.0990195135927845,3367
193,0,0,0,0,0,0,1,0,0,1,0,0,0,0,41.44876355212541,5.0990195135927845,3131
194,0,0,0,0,0,0,1,0,0,0,0,0,0,0,11.180339887498949,5.196152422706632,2422
195,0,0,0,0,0,0,1,0,0,0,0,0,0,0,31.480152477394387,5.196152422706632,4951
196,0,0,0,0,0,0,1,0,0,0,0,0,0,0,16.0,5.291502622129181,2426
197,0,0,0,0,0,0,1,0,0,1,0,0,0,0,53.81449618829484,5.291502622129181,6421
198,0,0,0,0,0,0,1,0,0,0,0,0,0,0,11.135528725660043,5.385164807134504,3958
199,0,0,0,0,0,0,1,0,0,0,0,0,0,0,15.165750888103101,5.477225575051661,2625
200,0,0,0,0,0,0,1,0,0,0,0,0,0,0,16.673332000533065,5.5677643628300215,3098
201,0,0,0,0,0,0,1,0,0,1,0,0,0,0,29.832867780352597,5.5677643628300215,2965
202,0,0,0,0,0,0,1,0,0,0,0,0,0,0,16.09347693943108,5.656854249492381,3028
203,0,0,0,0,0,0,1,0,0,0,0,0,0,0,26.038433132583073,5.656854249492381,4228
204,0,0,0,0,0,0,1,0,0,0,0,0,0,0,17.378147196982766,5.744562646538029,1842
205,0,0,0,0,0,0,1,0,0,1,0,0,0,0,40.29888335921977,5.744562646538029,2829
206,0,0,0,0,0,0,1,0,0,0,0,0,0,0,8.717797887081348,5.830951894845301,2630
207,0,0,0,0,0,0,1,0,0,0,0,0,0,1,28.106938645110393,5.830951894845301,5525
208,0,0,0,0,0,0,1,0,0,1,0,0,0,0,49.0,5.916079783099616,2005
209,0,0,0,0,0,0,1,0,0,0,0,0,0,0,8.774964387392123,5.916079783099616,2910
210,0,0,0,0,0,0,1,0,0,1,0,0,0,0,20.12461179749811,6.0,4296
211,0,0,0,0,0,0,1,0,0,1,0,0,0,0,48.65182422068057,6.082762530298219,2121
212,0,0,0,0,0,0,1,0,0,1,0,0,0,0,24.819347291981714,6.164414002968976,1784
213,0,0,0,0,0,0,1,0,0,1,0,0,0,0,29.816103031751148,6.164414002968976,2634
214,0,0,0,0,0,0,1,0,0,0,0,0,0,0,7.810249675906654,6.244997998398398,2575
215,0,0,0,0,1,0,0,0,0,1,0,0,0,0,15.066519173319364,6.244997998398398,3915
216,0,0,0,0,0,0,1,0,0,0,0,0,0,0,18.083141320025124,6.324555320336759,2921
217,0,0,0,0,0,0,1,0,0,0,0,0,0,0,25.534290669607408,6.324555320336759,6004
218,0,0,0,0,0,0,1,0,0,0,0,0,0,0,25.199206336708304,6.324555320336759,2322
219,0,0,0,0,0,0,1,0,0,1,0,0,0,0,13.416407864998739,6.4031242374328485,2759
220,0,0,0,0,0,0,1,0,0,0,0,0,0,0,10.44030650891055,6.4031242374328485,3568
221,0,0,0,0,0,0,1,0,0,0,0,0,0,0,14.352700094407323,6.4031242374328485,2373
222,0,0,0,0,0,0,1,0,0,0,0,0,0,0,10.14889156509222,6.48074069840786,3224
223,0,0,0,0,0,0,1,0,0,0,0,0,0,0,28.844410203711913,6.48074069840786,4599
224,0,0,0,0,1,0,0,0,0,0,0,0,0,0,17.204650534085253,6.557438524302,5385
225,1,0,0,0,1,0,0,0,0,0,0,0,0,0,6.244997998398398,0.0,3478
226,1,0,0,0,1,0,0,0,0,0,0,1,0,1,28.53068523537421,0.0,827
227,1,0,0,0,1,0,0,0,0,0,0,1,0,0,28.548204847240395,1.7320508075688772,1317
228,1,0,0,0,1,0,0,0,0,0,0,1,0,0,24.95996794869737,2.0,1808
229,1,0,0,0,1,0,0,0,0,0,0,1,0,0,22.40535650240808,2.23606797749979,283750
230,0,0,0,0,1,0,0,0,0,0,0,1,0,0,8.306623862918075,2.23606797749979,3113
231,1,0,0,0,1,0,0,0,0,0,0,1,0,0,14.730919862656235,2.449489742783178,8993
232,0,0,0,0,1,0,0,0,0,0,0,1,0,0,6.082762530298219,2.6457513110645907,5282
233,1,0,0,0,1,0,0,0,0,0,0,1,0,0,28.653097563788805,2.8284271247461903,25536
234,0,0,0,0,1,0,0,0,0,0,0,0,0,0,4.898979485566356,3.1622776601683795,5129
235,1,0,0,0,1,0,0,0,0,0,0,1,0,0,28.548204847240395,3.3166247903554,4374
236,0,0,0,0,1,0,0,0,0,0,0,0,0,1,7.211102550927978,3.4641016151377544,5631
237,0,1,0,0,1,0,0,0,0,0,0,0,1,1,44.68780594300866,3.605551275463989,214
238,1,0,0,0,1,0,0,0,0,0,0,1,0,0,30.919249667480614,3.605551275463989,2288
239,1,0,0,0,1,0,0,0,0,0,0,1,0,0,19.79898987322333,3.7416573867739413,1628
240,1,0,0,0,1,0,0,0,0,0,0,1,0,0,11.40175425099138,3.872983346207417,5535
241,0,0,0,0,1,0,0,0,0,0,0,0,0,0,0.0,4.0,1903
242,0,1,0,0,0,0,0,1,0,0,0,1,0,0,14.247806848775006,4.123105625617661,40
243,0,1,0,0,1,0,0,0,0,1,0,1,0,0,24.413111231467404,4.123105625617661,482
244,0,1,0,0,1,0,0,0,0,0,0,1,0,1,36.59234892706397,4.242640687119285,2415
245,1,1,0,0,0,0,0,0,1,0,0,1,0,0,17.72004514666935,4.358898943540674,80
246,1,0,0,0,1,0,0,0,0,0,0,1,0,0,36.29049462324811,4.47213595499958,2362
247,0,0,0,0,1,0,0,0,0,0,0,1,0,0,15.652475842498529,4.58257569495584,3469
248,0,0,0,0,1,0,0,0,0,0,0,0,0,0,0.0,4.795831523312719,2521
249,0,0,0,0,1,0,0,0,0,0,0,1,0,1,16.941074346097416,4.898979485566356,5879
250,1,0,0,0,1,0,0,0,0,0,0,1,0,0,31.144823004794873,5.196152422706632,12484
251,0,0,0,0,1,0,0,0,0,0,0,1,0,0,5.830951894845301,5.291502622129181,4747
252,0,0,0,0,1,0,0,0,0,0,0,0,0,0,0.0,5.385164807134504,15410
253,0,0,0,0,1,0,0,0,0,0,0,0,0,0,11.445523142259598,5.477225575051661,2600
254,1,1,0,0,1,0,0,0,0,0,0,1,0,1,33.24154027718932,5.477225575051661,998
255,0,0,0,0,1,0,0,0,0,0,0,1,0,0,7.615773105863909,5.656854249492381,12676
256,1,0,0,0,1,0,0,0,0,0,0,1,0,0,33.61547262794322,5.656854249492381,5455
257,0,1,0,0,1,0,0,0,0,0,0,1,0,0,35.90264614203248,5.744562646538029,0
258,1,0,0,0,1,0,0,0,0,0,0,1,0,0,25.65151067676132,5.830951894845301,1126
259,1,0,0,0,1,0,0,0,0,0,0,1,0,0,24.228082879171435,5.916079783099616,1617
260,1,0,0,0,1,0,0,0,0,0,0,1,0,1,24.657656011875904,6.0,3110
261,0,1,0,0,1,0,0,0,0,0,0,0,1,0,40.80441152620633,6.164414002968976,150
262,1,1,0,0,1,0,0,0,0,0,0,1,0,0,27.110883423451916,6.244997998398398,2724
263,0,1,0,0,0,0,0,1,0,0,0,0,0,0,12.489995996796797,6.324555320336759,54
264,0,0,0,0,1,0,0,0,0,1,0,1,0,0,26.720778431774775,6.324555320336759,746
265,1,0,0,0,1,0,0,0,0,0,0,1,0,0,12.409673645990857,6.48074069840786,1339
266,1,0,0,0,1,0,0,0,0,0,0,1,0,1,26.68332812825267,6.557438524302,13143
267,1,0,0,0,1,0,0,0,0,0,0,1,0,0,18.681541692269406,6.708203932499369,3483
268,1,0,0,0,1,0,0,0,0,0,0,1,0,1,24.020824298928627,6.782329983125268,3716
269,1,0,0,0,1,0,0,0,0,0,0,1,0,1,29.46183972531247,6.855654600401044,7499
270,1,0,0,0,1,0,0,0,0,0,0,1,0,0,38.742741255621034,6.928203230275509,12857
271,1,0,0,0,1,0,0,0,0,0,0,1,0,0,16.278820596099706,7.211102550927978,6392
272,1,0,0,0,1,0,0,0,0,0,0,1,0,0,27.76688675382964,7.211102550927978,5443
273,1,0,0,0,1,0,0,0,0,0,0,1,0,0,13.490737563232042,7.416198487095663,167576
274,1,0,0,0,1,0,0,0,0,0,0,1,0,0,23.49468024894146,7.483314773547883,7186
275,1,0,0,0,0,0,1,0,0,0,0,0,0,1,13.892443989449804,7.681145747868608,1133
276,1,0,0,0,1,0,0,0,0,0,0,1,0,1,25.238858928247925,8.12403840463596,2300
277,1,0,0,0,1,0,0,0,0,0,0,1,0,0,29.478805945967352,8.18535277187245,1895
278,1,0,0,0,1,0,0,0,0,0,0,1,0,0,19.390719429665317,8.246211251235321,28723
279,0,1,0,0,0,0,0,0,0,1,0,1,0,0,13.416407864998739,0.0,163
280,0,0,0,0,0,0,0,0,0,0,0,0,0,0,6.855654600401044,1.0,5032
281,0,0,0,0,1,0,0,0,0,0,0,1,0,0,16.64331697709324,1.7320508075688772,68
282,0,0,0,0,0,0,1,0,0,0,0,0,0,1,15.066519173319364,2.0,526
283,0,1,0,0,0,0,0,0,0,1,0,1,0,0,13.92838827718412,2.23606797749979,163
284,0,1,0,0,0,0,0,0,0,0,0,1,0,0,16.941074346097416,2.6457513110645907,667
285,0,0,0,0,0,0,0,0,0,1,0,0,0,0,9.695359714832659,3.3166247903554,282
286,0,1,0,0,0,0,0,0,0,1,0,1,0,0,12.489995996796797,3.4641016151377544,151
287,0,1,0,0,0,0,0,0,0,0,0,1,0,0,12.529964086141668,3.7416573867739413,422
288,0,0,0,0,0,0,1,0,0,0,0,0,0,0,9.16515138991168,4.242640687119285,63
289,0,0,0,0,0,0,0,0,0,0,0,0,0,0,9.486832980505138,4.242640687119285,460
290,1,0,0,0,0,0,0,0,0,1,0,1,0,0,16.15549442140351,4.358898943540674,0
291,0,1,0,0,0,0,0,0,0,1,0,1,0,0,14.491376746189438,4.358898943540674,519
292,0,1,0,0,0,0,0,0,0,0,0,1,0,0,10.344080432788601,4.58257569495584,142
293,0,0,0,0,0,0,0,0,0,0,0,0,0,0,6.928203230275509,5.0,284
294,0,0,0,0,0,0,0,0,0,0,0,1,0,0,13.19090595827292,5.0990195135927845,285
295,0,0,0,0,1,0,0,0,0,1,0,0,0,0,17.08800749063506,5.196152422706632,5298
296,0,1,0,0,0,0,0,0,0,0,0,1,0,0,12.922847983320086,5.291502622129181,1213
297,0,0,0,0,0,0,0,0,0,0,0,0,0,0,15.0996688705415,5.5677643628300215,403
298,0,0,0,0,1,0,0,0,0,0,0,0,0,0,20.09975124224178,5.5677643628300215,0
299,0,1,0,0,0,0,0,0,0,1,0,0,0,0,11.958260743101398,5.5677643628300215,508
300,0,0,0,0,0,0,0,0,0,0,0,0,0,0,8.48528137423857,5.656854249492381,179
301,0,1,0,0,0,0,0,0,0,1,0,1,0,0,13.341664064126334,5.744562646538029,382
302,0,0,0,0,0,0,0,0,0,1,0,1,0,0,12.328828005937952,5.830951894845301,429
303,0,0,0,0,0,0,0,0,0,0,0,0,0,0,8.48528137423857,6.244997998398398,274
304,0,1,0,0,0,0,0,0,0,0,0,1,0,0,13.30413469565007,6.324555320336759,303
305,0,0,0,0,1,0,0,0,0,1,0,0,0,0,17.578395831246947,6.4031242374328485,685
306,0,1,0,0,0,0,0,0,0,1,0,1,0,0,12.649110640673518,6.48074069840786,260
307,0,0,0,0,0,0,0,0,0,0,0,0,0,0,12.041594578792296,6.782329983125268,346
308,0,1,0,0,0,0,0,0,0,0,0,1,0,0,12.96148139681572,6.855654600401044,337
309,0,0,0,0,1,0,0,0,0,0,0,0,0,0,19.261360284258224,6.855654600401044,2894
310,0,1,0,0,0,0,0,0,0,1,0,1,0,0,12.041594578792296,7.0,294
311,0,1,0,0,0,0,0,0,0,1,0,1,0,0,13.152946437965905,7.483314773547883,1636
312,0,0,0,0,0,0,0,0,0,1,0,0,0,0,9.746794344808963,7.745966692414834,618
313,0,1,0,0,0,0,0,0,0,1,0,1,0,0,14.696938456699069,7.810249675906654,292
314,0,1,0,0,0,0,0,0,0,0,0,1,0,0,15.524174696260024,7.937253933193772,1197
315,0,0,0,0,0,0,0,1,0,0,0,0,0,1,12.12435565298214,8.12403840463596,436
316,0,0,0,0,0,0,0,0,0,0,0,0,0,0,8.18535277187245,8.18535277187245,186
317,0,1,0,0,0,0,0,0,0,0,0,1,0,0,12.806248474865697,8.246211251235321,352
318,0,0,0,0,1,0,0,0,0,0,0,0,0,0,6.928203230275509,8.306623862918075,894
319,0,0,0,0,1,0,0,0,0,0,0,0,0,0,5.291502622129181,8.366600265340756,1120
320,0,1,0,0,0,0,0,0,0,1,0,1,0,0,14.177446878757825,8.366600265340756,558
321,1,1,0,0,1,0,0,0,0,0,0,1,0,0,18.466185312619388,8.602325267042627,0
322,0,0,0,0,0,0,0,0,0,0,0,0,0,0,8.48528137423857,8.602325267042627,191
323,0,1,0,0,1,0,0,0,0,0,1,1,0,0,15.0996688705415,8.602325267042627,0
324,0,1,0,0,0,0,0,0,0,0,0,1,0,0,12.884098726725126,8.660254037844387,76
325,0,0,0,0,1,0,0,0,0,1,0,0,0,0,16.3707055437449,8.717797887081348,1324
326,0,1,0,0,0,0,0,0,0,1,0,1,0,0,14.89966442575134,8.774964387392123,1397
327,0,0,0,0,0,0,0,0,0,0,0,0,0,0,8.306623862918075,9.0,207
328,0,1,0,0,0,0,0,0,0,1,0,1,0,0,12.24744871391589,9.055385138137417,533
329,0,1,0,0,0,0,0,0,0,0,0,1,0,0,9.273618495495704,9.16515138991168,177
330,0,1,0,0,0,0,0,0,0,0,0,1,0,0,9.273618495495704,9.16515138991168,86
331,0,0,0,0,0,0,0,0,0,0,0,0,0,0,15.165750888103101,9.433981132056603,4497
332,0,0,0,0,0,0,0,0,0,0,0,0,0,0,8.717797887081348,9.486832980505138,90
333,0,0,0,0,0,0,0,0,1,1,0,0,0,1,17.26267650163207,9.486832980505138,0
334,0,0,0,0,0,0,0,0,0,0,0,0,0,0,7.745966692414834,9.486832980505138,142
335,0,1,0,0,0,0,0,0,0,0,0,1,0,0,14.2828568570857,9.539392014169456,865
336,0,0,0,0,0,0,1,0,0,0,0,0,0,0,15.033296378372908,9.695359714832659,99
337,1,0,0,0,0,0,1,0,0,0,0,0,0,0,14.89966442575134,9.746794344808963,102
338,0,1,0,0,0,0,0,0,0,1,0,1,0,0,12.806248474865697,9.797958971132712,369
339,0,1,0,0,0,0,0,0,0,1,0,1,0,0,15.0996688705415,9.899494936611665,657
340,0,0,0,0,0,0,0,0,0,0,1,0,0,0,15.84297951775486,10.04987562112089,122
341,0,0,0,0,1,0,0,0,0,1,0,0,0,0,14.177446878757825,10.099504938362077,3766
342,0,0,0,0,0,0,0,0,0,0,0,0,0,0,7.280109889280518,10.099504938362077,196
343,0,1,0,0,0,0,0,0,0,1,0,1,0,0,13.92838827718412,10.14889156509222,275
344,0,0,0,0,0,0,0,0,0,1,0,0,0,0,11.180339887498949,10.198039027185569,176
345,0,1,0,0,0,0,0,0,0,1,0,1,0,0,16.0312195418814,10.246950765959598,880
346,0,1,0,0,0,0,0,0,0,1,0,1,0,0,11.090536506409418,10.44030650891055,45
347,0,0,0,0,1,0,0,0,0,0,0,0,0,0,3.872983346207417,10.44030650891055,2287
348,0,0,0,0,0,0,0,0,0,0,0,0,0,0,8.12403840463596,10.44030650891055,286
349,0,0,0,0,0,0,1,0,0,0,0,0,0,0,15.874507866387544,0.0,28
350,0,0,0,0,0,0,1,0,0,0,0,0,0,0,22.978250586152114,2.23606797749979,95
351,0,0,0,0,0,0,1,0,0,0,0,0,0,0,41.47288270665544,2.449489742783178,99
352,0,0,0,0,0,0,1,0,0,0,0,0,0,0,34.87119154832539,2.6457513110645907,73
353,0,0,0,0,0,0,1,0,0,0,0,0,1,0,25.592967784139454,3.0,53
354,0,0,1,0,0,1,0,0,0,0,0,0,0,0,7.810249675906654,3.3166247903554,29
355,0,0,0,0,0,0,1,0,0,0,0,0,0,0,26.115129714401192,3.4641016151377544,82
356,0,0,0,0,0,0,1,0,0,0,0,0,0,0,10.14889156509222,3.4641016151377544,8
357,0,1,0,0,1,0,0,0,0,1,0,0,0,0,27.568097504180443,3.605551275463989,121
358,0,0,1,0,0,1,0,0,0,0,0,0,1,0,13.30413469565007,3.7416573867739413,80
359,0,0,1,0,0,1,0,0,0,0,0,0,0,0,4.0,4.123105625617661,192
360,0,0,0,0,0,0,1,0,0,0,0,0,0,0,10.908712114635714,4.242640687119285,20240
361,0,0,0,0,0,0,1,0,0,0,0,0,0,0,28.600699292150182,4.358898943540674,111
362,0,0,0,0,0,0,1,0,0,0,0,0,0,0,22.891046284519195,4.47213595499958,222
363,0,0,0,0,0,0,1,0,0,0,0,0,0,0,34.11744421846396,4.58257569495584,1166
364,0,0,0,0,0,0,1,0,0,0,0,0,0,0,15.556349186104045,4.58257569495584,916
365,0,0,0,0,0,0,1,0,0,0,0,0,0,0,27.349588662354687,5.0,171
366,0,0,1,0,0,1,0,0,0,0,0,0,0,0,6.6332495807108,5.0990195135927845,52
367,1,0,0,0,0,0,1,0,0,1,0,0,1,0,22.271057451320086,5.0990195135927845,17
368,0,0,0,0,0,0,1,0,0,0,0,0,0,0,11.357816691600547,5.196152422706632,3028
369,0,0,1,0,0,1,0,0,0,0,0,0,0,0,6.164414002968976,5.291502622129181,12
370,0,0,1,0,0,1,0,0,0,0,0,0,0,0,7.416198487095663,5.5677643628300215,91
371,0,0,0,0,0,0,1,0,0,0,0,0,0,0,11.40175425099138,5.656854249492381,176
372,0,0,0,0,0,0,1,0,0,0,0,0,0,0,29.698484809834994,5.656854249492381,32
373,0,0,0,0,0,0,1,0,0,0,0,0,0,0,13.0,5.916079783099616,28
374,1,0,0,0,0,0,0,0,0,1,0,0,0,0,17.406895185529212,6.164414002968976,60
375,0,0,0,0,1,0,0,0,0,0,0,0,0,0,30.463092423455635,6.244997998398398,23
376,0,0,0,0,0,0,1,0,0,0,0,0,0,0,14.106735979665885,7.483314773547883,81
377,0,0,1,0,0,1,0,0,0,0,0,0,0,0,10.677078252031311,8.602325267042627,74
378,0,0,0,0,0,0,1,0,0,0,0,0,0,0,10.344080432788601,8.660254037844387,7240
379,0,0,0,0,0,0,1,0,0,0,0,0,0,0,12.649110640673518,8.717797887081348,494
380,0,0,0,0,0,0,1,0,0,0,0,0,0,0,13.038404810405298,8.774964387392123,223
381,0,0,0,0,0,0,1,0,0,0,0,0,0,0,14.212670403551895,9.055385138137417,38
382,0,0,0,0,0,0,1,0,0,0,0,0,0,0,11.445523142259598,9.539392014169456,192
383,0,0,0,0,0,0,1,0,0,0,0,0,0,0,7.0,12.884098726725126,1396
384,0,0,0,0,0,0,1,0,0,0,0,0,1,0,22.869193252058544,13.601470508735444,85
385,0,0,0,0,0,0,1,0,0,0,0,0,0,0,20.09975124224178,13.74772708486752,99
386,0,0,1,0,0,1,0,0,0,0,0,0,1,0,25.079872407968907,14.628738838327793,59
387,0,0,0,0,0,0,1,0,0,0,0,0,1,0,24.020824298928627,16.881943016134134,2643
388,1,0,0,0,0,0,0,0,0,0,0,0,1,0,39.35733730830886,17.029386365926403,21
389,0,1,0,0,0,0,0,0,0,0,0,0,0,0,14.491376746189438,17.08800749063506,24
390,0,0,0,0,1,0,0,0,0,0,0,0,0,0,36.08323710533743,17.08800749063506,10
391,0,0,1,0,0,1,0,0,0,0,0,0,0,0,22.627416997969522,18.947295321496416,40
392,0,0,1,0,0,1,0,0,0,0,0,0,0,0,17.05872210923198,20.29778313018444,185
393,1,0,0,0,0,0,1,0,0,0,0,0,0,0,16.0,20.42057785666214,199
394,1,0,0,0,0,0,1,0,0,0,0,0,0,0,16.30950643030009,20.54263858417414,72
395,1,0,0,0,0,0,1,0,0,0,0,0,0,0,12.083045973594572,20.566963801203133,9
396,1,0,0,0,0,0,1,0,0,0,0,1,0,0,16.941074346097416,20.566963801203133,14
397,1,0,0,0,0,0,1,0,0,0,0,1,0,0,15.491933384829668,20.566963801203133,21
398,0,0,0,0,0,0,1,0,0,0,0,0,0,0,17.26267650163207,20.591260281974,793
399,0,0,1,0,0,1,0,0,0,0,0,0,0,0,10.677078252031311,20.639767440550294,82
400,0,0,0,0,1,0,0,0,0,0,0,0,0,1,14.45683229480096,20.92844953645635,214
401,0,0,1,0,0,1,0,0,0,0,0,0,0,0,24.454038521274967,21.118712081942874,317
402,0,0,0,0,0,0,1,0,0,0,0,0,0,0,11.445523142259598,21.72556098240043,11470
403,0,0,0,0,0,0,1,0,0,0,0,0,1,1,42.60281680828159,21.77154105707724,12
404,0,0,0,0,0,0,1,0,0,0,0,1,0,0,39.54743986657038,1.0,86
405,0,0,1,0,0,1,0,0,0,0,0,0,0,0,15.0,1.4142135623730951,233
406,0,0,0,0,1,0,0,0,0,0,0,1,0,0,11.135528725660043,1.7320508075688772,33
407,0,0,0,0,0,0,1,0,0,0,0,1,0,0,32.202484376209235,2.0,21
408,0,0,0,0,0,0,1,0,0,0,0,1,0,0,25.219040425836983,2.23606797749979,106
409,0,0,0,0,1,0,0,0,0,0,0,1,0,0,28.61817604250837,2.449489742783178,9
410,0,0,0,0,0,0,1,0,0,0,0,1,0,0,36.02776706930364,2.6457513110645907,11
411,0,0,0,0,0,0,1,0,0,0,0,1,0,0,37.107950630558946,2.8284271247461903,39
412,0,0,0,0,0,0,1,0,0,0,0,1,0,0,25.199206336708304,3.0,81
413,1,1,0,0,0,0,1,0,0,0,0,1,0,0,40.29888335921977,3.1622776601683795,81
414,0,1,0,0,0,0,1,0,0,0,0,1,0,0,42.2729227756965,3.3166247903554,22
415,0,0,0,0,0,0,1,0,0,0,0,1,0,0,11.704699910719626,3.4641016151377544,74
416,0,1,0,0,0,0,1,0,0,0,0,1,0,0,23.45207879911715,3.605551275463989,26
417,0,0,0,0,0,0,1,0,0,0,0,1,0,0,44.57577817604534,3.7416573867739413,333
418,0,0,0,1,0,0,0,0,0,0,0,1,0,0,33.406586176980134,3.872983346207417,45
419,0,0,0,0,0,0,1,0,0,0,0,1,0,0,25.865034312755125,4.0,66
420,0,0,1,0,0,1,0,0,0,0,0,1,0,0,21.702534414210707,4.123105625617661,50
421,0,0,1,0,0,1,0,0,0,0,0,1,0,0,10.14889156509222,4.242640687119285,95
422,0,0,0,0,0,0,1,0,0,0,0,1,0,0,22.045407685048602,4.358898943540674,144
423,0,0,0,0,0,0,1,0,0,0,0,1,0,0,16.792855623746664,4.47213595499958,137
424,0,0,0,0,0,0,1,0,0,0,0,1,0,0,18.35755975068582,4.58257569495584,120
425,0,0,0,0,1,0,0,0,0,0,0,1,0,0,22.271057451320086,4.69041575982343,68
426,0,0,0,1,0,0,0,0,0,0,0,1,0,0,14.247806848775006,4.795831523312719,59
427,0,0,0,0,1,0,0,0,0,0,0,1,0,0,9.591663046625438,4.898979485566356,29
428,0,0,0,0,0,0,1,0,0,0,0,1,0,0,35.552777669262355,5.0,34
429,0,0,0,0,0,0,1,0,0,0,0,1,0,0,28.337254630609507,5.196152422706632,38
430,0,0,0,0,0,0,1,0,0,0,0,1,0,0,18.867962264113206,5.291502622129181,140
431,0,0,0,0,0,0,1,0,0,0,0,1,0,0,31.432467291003423,5.385164807134504,70
432,0,1,0,0,0,0,1,0,0,0,0,1,0,1,29.58039891549808,5.5677643628300215,58
433,0,0,0,0,0,0,1,0,0,0,0,1,0,0,31.25699921617557,5.656854249492381,47
434,0,0,0,0,0,0,1,0,0,0,0,1,0,0,43.15089802078283,5.830951894845301,6
435,0,0,0,0,0,0,1,0,0,0,0,1,0,0,44.85532298401161,5.916079783099616,40
436,1,0,0,0,0,0,1,0,0,0,0,1,0,0,25.553864678361276,6.0,382
437,0,0,0,0,0,0,1,0,0,0,0,1,0,0,35.31288716601915,6.164414002968976,228
438,0,0,0,0,0,0,1,0,0,0,0,1,0,0,29.647934160747187,6.244997998398398,36
439,0,0,0,0,0,0,1,0,0,0,0,1,0,0,21.095023109728988,6.4031242374328485,76
440,0,0,0,0,0,0,1,0,0,0,0,1,0,0,37.16180835212409,6.48074069840786,22
441,0,0,0,0,0,0,1,0,0,0,0,1,0,0,20.248456731316587,6.557438524302,276
442,0,0,0,0,0,0,1,0,0,0,0,1,0,0,25.534290669607408,6.6332495807108,23
443,0,0,0,0,0,0,1,0,0,0,0,1,0,0,37.656340767525464,6.6332495807108,21
444,0,0,0,0,0,0,1,0,0,0,0,1,0,0,27.964262908219126,6.782329983125268,13
445,0,0,0,0,0,0,1,0,0,0,0,1,0,0,33.03028912982749,6.855654600401044,2
446,0,1,0,0,0,0,1,0,0,0,0,1,0,0,35.77708763999664,6.928203230275509,18
447,0,0,0,0,1,0,0,0,0,0,0,1,0,0,28.827070610799147,7.0,19
448,0,1,0,0,0,0,1,0,0,0,0,1,0,0,37.1887079635741,7.0710678118654755,39
449,0,0,0,0,1,0,0,0,0,0,0,1,0,0,24.535688292770594,7.14142842854285,68
450,0,1,0,0,0,0,1,0,0,0,0,1,0,0,29.068883707497267,7.211102550927978,24
451,0,1,0,0,0,0,1,0,0,0,0,1,0,0,39.68626966596886,7.211102550927978,78
452,0,0,0,0,0,0,1,0,0,0,0,1,0,0,27.0,7.280109889280518,79
453,0,1,0,0,1,0,0,0,0,0,0,1,0,0,36.932370625238775,7.416198487095663,94
454,1,0,0,0,0,0,1,0,0,0,0,1,0,0,15.459624833740307,7.416198487095663,21
455,0,0,0,0,0,0,1,0,0,0,0,1,0,0,30.643106892089126,7.54983443527075,20
456,1,1,0,0,0,0,1,0,0,0,0,1,0,0,29.46183972531247,7.54983443527075,57
457,0,1,0,0,1,0,0,0,0,0,0,1,0,0,34.95711658589707,7.681145747868608,31
458,0,1,0,0,0,0,1,0,0,0,0,1,0,0,30.331501776206203,7.745966692414834,94
459,0,0,0,0,0,0,1,0,0,0,0,1,0,0,27.730849247724095,7.810249675906654,14
460,0,1,0,0,0,0,1,0,0,0,0,1,0,0,28.372521918222215,7.874007874011811,20
461,1,1,0,0,0,0,1,0,0,0,0,1,0,0,30.822070014844883,7.937253933193772,32
462,0,1,0,0,0,0,1,0,0,0,0,1,0,1,31.654383582688826,8.0,123
463,1,1,0,0,0,0,1,0,0,0,0,1,0,0,24.331050121192877,8.06225774829855,30
464,0,1,0,0,0,0,1,0,0,0,0,1,0,0,40.08740450565489,8.12403840463596,24
465,1,0,0,0,0,0,1,0,0,0,0,1,0,0,24.677925358506133,8.18535277187245,40
466,0,0,0,0,0,0,1,0,0,0,0,1,0,0,38.7556447501522,8.246211251235321,60
467,1,0,0,0,0,0,1,0,0,0,0,0,0,0,19.72308292331602,8.306623862918075,67
468,0,0,0,0,0,0,1,0,0,0,0,1,0,0,15.588457268119896,8.660254037844387,14
469,0,0,0,0,0,0,1,0,0,0,0,1,0,0,20.639767440550294,8.717797887081348,28
470,0,0,0,0,0,0,1,0,0,0,0,1,0,0,21.840329667841555,8.774964387392123,148
471,0,0,0,0,0,0,1,0,0,0,0,0,0,0,24.879710609249457,9.055385138137417,128
472,0,0,0,0,0,0,1,0,0,0,0,1,0,0,13.076696830622021,9.1104335791443,7
473,0,0,0,0,0,0,1,0,0,0,0,1,0,0,32.28002478313795,9.327379053088816,61
474,0,0,0,0,0,0,1,0,0,0,0,1,0,0,37.013511046643494,9.38083151964686,29
475,0,0,0,0,0,0,1,0,0,0,0,1,0,1,22.06807649071391,9.433981132056603,49
476,0,0,0,0,0,0,1,0,0,0,0,1,0,0,37.589892258425,9.486832980505138,34
477,0,0,0,0,0,0,1,0,0,0,0,0,0,1,27.676705006196094,9.539392014169456,37
478,0,0,0,0,0,0,1,0,0,0,0,0,0,0,47.59201613716318,9.591663046625438,45
479,0,0,0,0,0,0,0,0,1,0,0,0,1,1,23.45207879911715,0.0,49
480,0,0,0,0,0,0,1,0,0,0,0,0,1,1,30.643106892089126,0.0,850
481,0,0,0,0,0,0,1,0,0,0,0,0,0,1,27.892651361962706,1.0,844
482,0,0,0,0,0,0,1,0,0,0,0,1,0,0,38.91015291668744,1.7320508075688772,840
483,0,1,0,0,0,0,1,0,0,0,0,1,0,1,23.388031127053,2.0,591
484,0,0,0,0,0,0,1,0,0,0,0,1,0,1,26.115129714401192,2.0,747
485,0,0,0,0,0,0,1,0,0,0,0,1,0,1,15.394804318340652,2.0,531
486,0,0,0,0,0,0,1,0,0,0,0,1,0,0,29.068883707497267,2.23606797749979,3233
487,1,0,0,0,1,0,0,0,0,0,0,0,0,1,23.430749027719962,2.23606797749979,858
488,0,0,0,0,0,0,1,0,0,0,0,1,0,0,45.58508528016593,2.449489742783178,664
489,0,0,0,0,0,0,1,0,0,0,0,0,0,1,31.906112267087632,2.449489742783178,984
490,0,0,0,0,1,0,0,0,0,0,0,1,0,1,41.557189510360296,2.6457513110645907,4024
491,0,0,0,0,0,0,1,0,0,0,0,1,0,0,30.93541659651604,3.1622776601683795,2388
492,0,0,0,0,0,0,1,0,0,0,0,1,0,1,30.495901363953813,3.4641016151377544,394
493,0,0,0,0,1,0,0,0,0,0,0,1,0,1,29.966648127543394,3.7416573867739413,879
494,0,0,0,0,1,0,0,0,0,0,0,1,0,1,31.811947441173732,4.123105625617661,1190
495,0,0,0,0,0,0,1,0,0,0,0,1,0,1,23.043437243605826,4.123105625617661,259
496,0,1,0,0,1,0,0,0,0,0,0,1,0,1,16.673332000533065,4.242640687119285,602
497,0,0,0,0,1,0,0,0,0,0,0,0,1,1,47.34976240700686,4.242640687119285,1469
498,1,0,0,1,0,0,0,0,0,0,0,0,0,0,18.33030277982336,4.242640687119285,0
499,0,0,0,0,0,0,1,0,0,0,0,1,0,1,16.522711641858304,4.358898943540674,1700
500,0,0,0,0,1,0,0,0,0,0,0,0,1,1,21.166010488516726,4.358898943540674,3232
501,0,0,0,0,0,0,1,0,0,0,0,0,0,0,23.388031127053,4.47213595499958,1049
502,0,0,0,0,0,0,1,0,0,0,0,1,0,1,37.589892258425,4.47213595499958,366
503,0,0,0,0,0,0,0,0,0,0,0,0,0,0,32.0,4.47213595499958,0
504,0,0,0,0,0,0,1,0,0,0,0,1,0,0,38.8587184554509,4.58257569495584,992
505,0,0,0,0,0,0,1,0,0,0,0,0,0,1,47.23346271447817,4.58257569495584,1061
506,0,0,0,0,0,0,1,0,0,0,0,0,0,1,29.732137494637012,4.898979485566356,1006
507,0,0,0,0,0,0,1,0,0,0,0,1,0,0,28.844410203711913,4.898979485566356,481
508,0,0,0,0,0,0,1,0,0,0,0,1,0,1,31.937438845342623,5.0,771
509,1,0,0,0,1,0,0,0,0,0,0,0,1,1,20.273134932713294,5.0,1699
510,1,0,0,1,0,0,0,0,0,1,0,0,1,1,47.46577714522327,3.4641016151377544,526
511,0,0,0,0,1,0,0,0,0,0,0,1,0,1,16.941074346097416,7.3484692283495345,16
512,0,0,0,0,0,0,1,0,0,0,0,0,0,0,5.291502622129181,11.045361017187261,8
513,1,1,0,1,0,0,0,0,0,0,0,0,1,0,15.033296378372908,12.36931687685298,14
514,1,1,0,1,0,0,0,0,0,0,0,1,0,0,14.832396974191326,12.409673645990857,33
515,1,0,0,0,1,0,0,0,0,0,1,0,1,0,35.62302626111375,12.529964086141668,87
516,0,1,0,0,0,0,0,0,0,0,0,1,0,0,9.643650760992955,15.588457268119896,35
517,0,1,0,0,0,0,0,0,0,0,0,1,0,0,7.54983443527075,15.811388300841896,39
518,1,1,0,0,1,0,0,0,0,0,1,0,1,0,38.691084244306204,16.0312195418814,42
519,0,1,0,0,1,0,0,0,0,1,0,0,1,0,27.676705006196094,17.663521732655695,71
520,0,0,0,0,0,0,1,0,0,0,0,1,0,0,10.44030650891055,0.0,359
521,0,0,0,0,1,0,0,0,0,0,0,1,0,0,42.44997055358225,1.4142135623730951,941
522,1,0,0,0,1,0,0,0,0,0,0,1,0,1,26.589471600616662,2.6457513110645907,461
523,0,0,0,0,1,0,0,0,0,0,0,1,0,0,42.36744032862972,3.0,1092
524,1,0,0,0,1,0,0,0,0,0,0,1,0,1,34.48187929913333,4.58257569495584,890
525,0,0,0,0,0,0,1,0,0,0,0,1,0,1,12.041594578792296,5.291502622129181,702
526,1,1,0,0,0,0,0,0,1,0,0,1,0,1,32.526911934581186,5.385164807134504,982
527,0,0,0,0,0,0,1,0,0,0,0,1,0,0,38.98717737923585,5.916079783099616,788
528,0,0,0,0,1,0,0,0,0,0,0,1,0,0,36.91882988394946,6.0,769
529,0,0,0,0,0,0,1,0,0,0,0,1,0,0,12.449899597988733,6.48074069840786,563
530,0,0,1,0,0,1,0,0,0,0,0,0,0,0,0.0,0.0,39
531,0,1,0,0,0,0,1,0,0,0,0,1,0,0,27.676705006196094,0.0,49
532,0,1,0,0,0,0,1,0,0,0,0,0,0,1,19.672315572906,1.0,115
533,0,1,0,0,0,0,1,0,0,0,0,1,0,1,27.676705006196094,1.0,28
534,0,1,0,0,0,0,1,0,0,0,0,1,0,0,25.337718918639855,1.4142135623730951,156
535,1,1,0,0,1,0,0,0,0,1,0,0,0,1,22.494443758403985,1.4142135623730951,86
536,1,1,0,0,1,0,0,0,0,0,0,1,0,1,21.400934559032695,1.7320508075688772,158
537,0,1,0,0,0,0,1,0,0,0,0,0,0,1,20.024984394500787,1.7320508075688772,195
538,0,0,0,0,1,0,0,0,0,0,0,0,1,0,31.368774282716245,2.0,0
539,0,0,0,0,0,0,0,0,1,0,0,0,0,0,6.708203932499369,2.0,28
540,0,0,0,0,1,0,0,0,0,0,0,1,0,0,22.40535650240808,1.0,65
541,0,1,0,0,1,0,0,0,0,0,0,1,0,0,53.49766350038102,1.7320508075688772,424
542,0,0,0,0,1,0,0,0,0,0,0,1,0,1,37.44329045369811,2.6457513110645907,122
543,1,0,0,1,0,0,0,0,0,0,0,0,1,0,21.283796653792763,4.795831523312719,82
544,0,0,0,0,0,0,1,0,0,0,0,1,0,0,23.280893453645632,5.385164807134504,149
545,1,0,0,1,0,0,0,0,0,0,0,1,0,0,47.89572005931219,6.0,181
546,0,0,0,0,1,0,0,0,0,0,0,1,0,1,16.73320053068151,7.681145747868608,101
547,1,0,0,0,0,0,1,0,0,0,0,0,0,0,19.519221295943137,15.491933384829668,437
548,1,0,0,0,1,0,0,0,0,0,0,0,0,0,21.2602916254693,17.4928556845359,478
549,0,0,0,0,1,0,0,0,0,0,0,0,0,0,4.795831523312719,0.0,45
550,0,0,0,0,1,0,0,0,0,0,0,0,0,0,6.855654600401044,0.0,176
551,0,0,0,0,1,0,0,0,0,0,0,0,0,0,5.0990195135927845,1.4142135623730951,4096
552,0,0,0,0,1,0,0,0,0,0,0,1,0,0,10.908712114635714,4.0,25
553,0,0,0,0,1,0,0,0,0,0,0,1,0,0,9.219544457292887,4.123105625617661,20
554,0,0,0,0,1,0,0,0,0,0,0,1,0,0,11.958260743101398,4.358898943540674,47
555,0,1,0,0,1,0,0,0,0,1,0,0,0,0,8.48528137423857,4.47213595499958,1
556,0,0,0,0,1,0,0,0,0,0,0,1,0,0,6.708203932499369,4.795831523312719,24
557,0,0,0,0,1,0,0,0,0,0,0,0,0,0,4.242640687119285,4.898979485566356,23
558,0,0,0,0,1,0,0,0,0,0,0,0,0,0,4.898979485566356,5.291502622129181,40
559,0,0,0,0,0,0,0,0,0,0,0,0,1,0,28.19574435974337,0.0,17
560,1,0,0,0,0,0,0,0,0,0,0,1,0,0,36.013886210738214,2.8284271247461903,25
561,0,0,0,0,0,0,0,0,1,1,0,0,0,0,14.7648230602334,3.1622776601683795,0
562,0,0,0,1,0,0,0,0,0,0,0,0,0,0,36.08323710533743,3.3166247903554,75
563,0,0,0,0,0,0,1,0,0,0,0,0,0,0,23.366642891095847,4.795831523312719,3
564,0,1,0,0,0,0,1,0,0,0,0,1,0,0,12.0,5.477225575051661,0
565,0,0,0,0,0,0,0,0,0,0,0,0,1,0,32.41913015489465,7.0,18
566,1,1,0,0,0,0,1,0,0,1,0,0,1,0,38.66522985836241,7.416198487095663,7
567,0,0,0,0,0,0,1,0,0,0,0,0,0,1,4.795831523312719,7.483314773547883,2
568,0,0,0,0,0,0,0,0,0,0,0,0,1,0,20.85665361461421,7.615773105863909,22
569,0,0,0,0,1,0,0,0,0,0,0,1,0,0,28.142494558940577,0.0,250
570,0,0,0,0,0,0,0,0,0,0,0,0,0,0,0.0,1.0,344
571,0,0,0,1,0,0,0,0,0,0,0,1,0,1,38.80721582386451,1.4142135623730951,349
572,0,0,0,0,1,0,0,0,0,0,0,1,0,1,29.546573405388315,1.7320508075688772,380
573,0,0,0,0,0,0,1,0,0,0,0,1,0,0,27.386127875258307,2.0,357
574,0,0,0,0,1,0,0,0,0,0,0,1,0,1,25.826343140289914,2.6457513110645907,384
575,0,0,0,0,0,0,0,0,1,0,0,1,0,0,20.8806130178211,2.8284271247461903,382
576,0,0,0,1,0,0,0,0,0,0,0,1,0,0,21.748563170931547,3.0,380
577,0,0,0,0,1,0,0,0,0,0,0,1,0,0,34.044089061098404,3.1622776601683795,387
578,0,0,0,0,0,0,1,0,0,1,0,1,0,0,34.66987164671943,3.3166247903554,343
579,1,1,0,0,1,0,0,0,0,0,0,0,0,0,54.24020648928247,1.0,337
580,1,0,0,0,1,0,0,0,0,0,0,0,0,0,41.80908992073375,5.656854249492381,840
581,1,1,0,0,0,0,0,0,1,1,0,0,0,0,38.61346915261564,7.211102550927978,172
582,0,1,0,0,0,0,0,0,0,0,0,0,0,1,23.916521486202797,8.306623862918075,216
583,1,1,0,0,0,0,0,0,1,1,0,0,0,1,41.689327171351664,8.774964387392123,161
584,1,1,0,0,0,0,0,0,1,1,0,0,0,1,45.40925015897091,9.16515138991168,212
585,1,1,0,0,1,0,0,0,0,0,0,0,0,1,19.77371993328519,9.273618495495704,710
586,1,1,0,1,0,0,0,0,0,0,0,0,0,0,41.19465984809196,9.433981132056603,262
587,1,0,0,0,0,0,0,0,1,0,0,0,0,0,54.3323108288245,9.539392014169456,2501
588,1,1,0,0,1,0,0,0,0,1,0,0,0,0,48.45616575834287,9.643650760992955,365
589,0,0,0,0,1,0,0,0,0,0,0,1,0,0,50.49752469181039,0.0,45
590,0,0,0,0,0,0,1,0,0,0,0,1,0,0,38.45776904605882,1.4142135623730951,90
591,0,0,0,0,0,0,1,0,0,0,0,1,0,0,42.22558466143482,2.0,39
592,0,0,0,0,0,0,1,0,0,0,0,1,0,0,36.75595189897821,2.6457513110645907,104
593,0,0,0,0,1,0,0,0,0,0,0,1,0,0,43.485629810317796,3.0,43
594,0,0,0,0,0,0,1,0,0,0,0,1,0,0,36.59234892706397,3.3166247903554,143
595,0,0,0,0,0,0,1,0,0,0,0,1,0,0,37.62977544445356,3.7416573867739413,28
596,0,0,0,0,0,0,1,0,0,0,0,1,0,0,37.134889255254286,4.242640687119285,65
597,0,0,0,0,1,0,0,0,0,0,0,1,0,0,35.79106033634656,4.58257569495584,119
598,0,0,0,0,1,0,0,0,0,0,0,1,0,1,38.781438859330635,4.795831523312719,35
599,0,0,0,1,0,0,0,0,0,0,0,1,0,0,20.024984394500787,1.0,91
600,0,0,0,1,0,0,0,0,0,0,0,1,0,0,13.038404810405298,3.0,284
601,0,0,0,0,1,0,0,0,0,0,0,1,0,1,45.86937976471886,3.3166247903554,94
602,0,0,0,0,0,0,0,0,0,0,0,0,0,0,6.082762530298219,3.605551275463989,21
603,0,0,0,0,1,0,0,0,0,0,0,1,0,1,37.469987990390386,4.58257569495584,78
604,0,0,0,0,1,0,0,0,0,0,0,1,0,1,37.72267222772003,4.795831523312719,87
605,0,0,0,0,1,0,0,0,0,0,0,1,0,1,41.15823125451335,4.898979485566356,122
606,1,0,0,0,1,0,0,0,0,0,0,1,0,1,42.77849927241488,5.5677643628300215,157
607,0,0,0,0,1,0,0,0,0,0,0,1,0,1,29.748949561287034,5.916079783099616,216
608,0,0,0,0,1,0,0,0,0,0,0,1,0,0,38.23610858861032,6.0,174
609,0,0,0,0,1,0,0,0,0,0,0,1,0,0,39.67366884975475,0.0,463
610,0,0,0,0,0,0,0,0,0,0,0,1,0,0,34.52535300326414,1.4142135623730951,425
611,1,0,0,0,1,0,0,0,0,0,0,1,0,0,49.18333050943175,1.7320508075688772,421
612,0,0,0,0,1,0,0,0,0,0,0,1,0,0,53.81449618829484,2.0,434
613,1,0,0,0,1,0,0,0,0,0,0,1,0,0,46.0,2.8284271247461903,416
614,0,0,0,0,1,0,0,0,0,0,0,1,0,0,54.63515351859094,3.0,493
615,0,0,0,0,1,0,0,0,0,0,0,1,0,0,53.99073994677235,3.872983346207417,350
616,0,0,0,0,0,0,1,0,0,0,0,1,0,0,54.064775963653084,4.0,882
617,0,0,0,0,1,0,0,0,0,0,0,1,0,0,48.86716689148246,4.123105625617661,529
618,0,0,0,0,0,0,1,0,0,0,0,1,0,0,53.73081052803875,4.242640687119285,1295
619,0,0,0,0,0,0,1,0,0,0,0,1,0,0,34.48187929913333,0.0,8157
620,0,0,0,0,0,0,1,0,0,0,0,1,0,0,21.2602916254693,1.0,3954
621,0,0,0,0,0,0,1,0,0,0,0,1,0,1,27.49545416973504,1.4142135623730951,516
622,0,0,0,0,0,0,1,0,0,0,0,1,0,1,38.62641583165593,1.7320508075688772,2178
623,0,0,0,0,0,0,1,0,0,0,0,1,0,0,35.510561809129406,2.0,982
624,0,1,0,0,1,0,0,0,0,0,0,1,0,0,18.894443627691185,2.8284271247461903,834
625,0,0,0,0,0,0,1,0,0,0,0,1,0,0,31.38470965295043,3.0,2324
626,0,0,0,0,0,0,1,0,0,0,0,0,0,1,24.79919353527449,3.1622776601683795,1130
627,1,0,0,0,0,0,1,0,0,0,0,1,0,0,29.5296461204668,3.3166247903554,464
628,0,0,0,0,0,0,1,0,0,1,0,1,0,1,30.757112998459398,3.872983346207417,1405
629,0,0,0,0,0,0,1,0,0,0,0,0,0,0,0.0,0.0,2
630,0,0,0,0,0,0,1,0,0,0,0,0,0,0,0.0,1.0,3
631,0,0,0,0,0,0,0,0,0,0,0,0,0,0,0.0,1.4142135623730951,1
632,0,0,0,0,0,0,0,0,0,0,0,1,0,0,16.34013463836819,1.4142135623730951,0
633,0,0,0,0,0,0,1,0,0,1,0,0,0,1,6.48074069840786,2.0,0
634,0,0,0,0,1,0,0,0,0,0,0,0,0,0,4.898979485566356,2.23606797749979,20302
635,0,0,0,0,0,0,1,0,0,0,0,0,0,0,0.0,3.0,7
636,0,0,0,0,0,0,1,0,0,0,0,0,0,0,0.0,3.3166247903554,2
637,0,0,0,0,0,0,0,0,0,0,0,0,0,0,14.933184523068078,3.4641016151377544,0
638,0,0,0,0,0,0,1,0,0,0,0,0,0,0,0.0,3.7416573867739413,1
639,0,1,0,0,0,0,1,0,0,0,0,1,0,0,29.966648127543394,2.0,42
640,0,0,0,0,0,0,1,0,0,0,0,1,0,1,29.29163703175362,2.8284271247461903,134
641,0,0,0,0,0,0,1,0,0,0,0,0,0,0,9.055385138137417,3.0,4
642,0,0,0,0,1,0,0,0,0,0,0,1,0,1,23.08679276123039,3.0,60
643,1,1,0,0,1,0,0,0,0,0,0,1,0,1,26.870057685088806,6.48074069840786,57
644,1,0,0,0,1,0,0,0,0,0,0,1,0,1,18.734993995195193,6.708203932499369,47
645,0,0,0,0,1,0,0,0,0,0,0,0,0,1,4.242640687119285,7.0710678118654755,154
646,0,1,0,0,0,0,1,0,0,0,0,1,0,1,25.534290669607408,7.615773105863909,79
647,1,0,0,0,0,0,1,0,0,0,0,0,0,0,7.416198487095663,8.48528137423857,3
648,1,0,0,0,0,0,1,0,0,0,0,1,0,1,28.61817604250837,8.602325267042627,32
